Question,Answer
best player,"In my opinion, the best player in the NBA is LeBron James."
most championships,"The team with the most championships in the NBA is the Boston Celtics, with a total of 17."
NBA draft lottery,"The NBA Draft Lottery is an annual event in which the teams who did not make the playoffs in the previous season have a chance to obtain a higher pick in the upcoming NBA draft."
memorable NBA game,"Some of the most memorable NBA games include the 1970 NBA Finals Game 7 between the New York Knicks and the Los Angeles Lakers, the 1980 NBA Finals Game 6 between the Philadelphia 76ers and the Los Angeles Lakers, and the 2016 NBA Finals Game 7 between the Cleveland Cavaliers and the Golden State Warriors."
most famous,"Some of the most famous NBA teams include the Boston Celtics, the Los Angeles Lakers, the Chicago Bulls, and the Golden State Warriors."
All Star,"The NBA All-Star Game is an annual exhibition game in which the best players from the Eastern Conference and the Western Conference compete against each other."
G League,"The NBA G League, formerly known as the NBA Development League, is the official minor league basketball organization of the NBA."
How many teams,"There are currently 30 teams in the NBA."
trade deadline,"The NBA trade deadline is the date by which all trades must be completed in a given season, usually in February, and is an important time for teams to make roster changes in preparation for the playoffs."
nba mvp,"Nikola Jokic"
